regime,trade_count,total_return,avg_return,volatility,win_rate,best_day,worst_day
regime_0,862,-0.0003871260479804783,-4.5014656741916085e-07,0.0009866846667938695,0.5440835266821346,0.0003473131960448887,-0.0006061245503978572
regime_1,200,-0.0013752100535374865,-6.876050267687433e-06,0.0006941561929752971,0.45,0.00022158271195055096,-0.0001775401119413167
regime_2,1240,0.006826665070178581,5.577340743609952e-06,0.0027574233520876465,0.5709677419354838,0.001117677177136934,-0.0031747919953338966
